name,category,unit_category,ingredient_code,emoji_url,emoji
filet(s) de sole,poissonnerie,pi√®ce,1,https://images.emojiterra.com/google/noto-emoji/v2.028/128px/1f41f.png,
oeuf(s),cr√®merie,pi√®ce,2,https://images.emojiterra.com/google/noto-emoji/v2.028/128px/1f9c0.png,
chapelure,√©picerie,g,3,,
farine,√©picerie,g,4,,
sucre,√©picerie,g,5,,
sel,√©picerie,pinc√©e,6,,
poivre,√©picerie,pinc√©e,7,,
huile,√©picerie,c. √† soupe,8,,
citron,fruits,pi√®ce,9,,
filet(s) de daurade,poissonnerie,pi√®ce,10,https://images.emojiterra.com/google/noto-emoji/v2.028/128px/1f41f.png,
cube(s) de l√©gumes,√©picerie,pi√®ce,11,,
ail semoule,√©picerie,c. √† caf√©,12,,
huile d'olive,√©picerie,c. √† soupe,13,,
basilic,herbes,pinc√©e,14,,üåø
aubergine(s),l√©gumes,pi√®ce,15,,
tomate(s),l√©gumes,pi√®ce,16,,
gousse(s) d'ail,l√©gumes,pi√®ce,17,,
boeuf h√¢ch√©,boucherie,g,18,https://images.emojiterra.com/google/noto-emoji/v2.028/128px/1f969.png,
oignon(s),l√©gumes,pi√®ce,19,,
fromage r√¢p√©,cr√®merie,g,20,https://images.emojiterra.com/google/noto-emoji/v2.028/128px/1f9c0.png,
blanc(s) de poulet,boucherie,pi√®ce,21,https://images.emojiterra.com/google/noto-emoji/v2.028/128px/1f969.png,
citron(s) vert(s),fruits,pi√®ce,22,,üçç
yaourt(s) nature(s),cr√®merie,pi√®ce,23,https://images.emojiterra.com/google/noto-emoji/v2.028/128px/1f9c0.png,
steak(s) hach√©(s),boucherie,pi√®ce,24,https://images.emojiterra.com/google/noto-emoji/v2.028/128px/1f969.png,
cheddar,cr√®merie,tranches,25,https://images.emojiterra.com/google/noto-emoji/v2.028/128px/1f9c0.png,
ketchup,√©picerie,c. √† soupe,26,,
mayonnaise,√©picerie,c. √† soupe,27,,
salade(s) verte(s),l√©gumes,pi√®ce,28,,
buns,boulangerie,pi√®ce,29,https://images.emojiterra.com/google/noto-emoji/v2.028/128px/1f35e.png,
carotte(s),l√©gumes,pi√®ce,30,,
miel,√©picerie,c. √† soupe,31,,
persil,herbes,pinc√©e,32,,
vinaigre de cidre,√©picerie,c. √† soupe,33,,
thym,herbes,pinc√©e,34,,
saumon,poissonnerie,g,35,https://images.emojiterra.com/google/noto-emoji/v2.028/128px/1f41f.png,
p√¢te(s) feullet√©e(s),rayon frais,pi√®ce,36,,
ch√®vre,cr√®merie,g,37,https://images.emojiterra.com/google/noto-emoji/v2.028/128px/1f9c0.png,
cr√®me fra√Æche,cr√®merie,cl,38,https://images.emojiterra.com/google/noto-emoji/v2.028/128px/1f9c0.png,
aneth,herbes,pinc√©e,39,,
p√¢tes,p√¢tes,g,40,,
lardons,boucherie,g,41,https://images.emojiterra.com/google/noto-emoji/v2.028/128px/1f969.png,
champignons,l√©gumes,g,42,,
reblochon(s),cr√®merie,pi√®ce,43,https://images.emojiterra.com/google/noto-emoji/v2.028/128px/1f9c0.png,
pommes de terre,l√©gumes,g,44,,
fromage frais all√©g√©,cr√®merie,g,45,https://images.emojiterra.com/google/noto-emoji/v2.028/128px/1f9c0.png,
lait √©cr√©m√©,rayon frais,cl,46,,
parmesan r√¢p√©,cr√®merie,g,47,https://images.emojiterra.com/google/noto-emoji/v2.028/128px/1f9c0.png,
beurre,rayon frais,g,48,,
curry,herbes,c. √† caf√©,49,,
noix de muscade,√©picerie,pinc√©e,50,,
avocat(s),fruits,pi√®ce,51,,
chou(x) kale,l√©gumes,pi√®ce,52,,
grenade(s),fruits,pi√®ce,53,,
pois chiches,l√©gumes,g,54,,
graines de s√©same,√©picerie,c. √† soupe,55,,
paprika doux,√©picerie,c. √† caf√©,56,,
cumin,√©picerie,c. √† caf√©,57,,
branches de c√©leri,l√©gumes,pi√®ce,58,,
oignons nouveaux,l√©gumes,pi√®ce,59,,
jus de citron,rayon frais,c. √† soupe,60,,
moutarde,√©picerie,c. √† caf√©,61,,
pulpe de tomate,√©picerie,g,62,,
potimarron,l√©gumes,g,63,,
romarin,herbes,pinc√©e,64,,
courgette(s),l√©gumes,pi√®ce,65,,
pesto,√©picerie,g,66,,
parmesan r√¢p√©,cr√®merie,g,67,https://images.emojiterra.com/google/noto-emoji/v2.028/128px/1f9c0.png,
r√¥ti de veau,boucherie,g,68,https://images.emojiterra.com/google/noto-emoji/v2.028/128px/1f969.png,
poireau(s),l√©gumes,pi√®ce,69,,
p√¢te(s) bris√©e(s),rayon frais,pi√®ce,70,,
√©chine de porc,boucherie,g,71,https://images.emojiterra.com/google/noto-emoji/v2.028/128px/1f969.png,
oignon(s) rouge(s),l√©gumes,pi√®ce,72,,
figue(s),fruits,pi√®ce,73,,
piment de cayenne en poudre,√©picerie,pinc√©e,74,,
safran,√©picerie,pinc√©e,75,,
vacherin fribourgeois,cr√®merie,g,76,https://images.emojiterra.com/google/noto-emoji/v2.028/128px/1f9c0.png,
vin blanc sec,liquides,cl,77,,
ma√Øzena,√©picerie,g,78,,
kirsch,liquides,cl,79,,
chou(x)-fleur,l√©gumes,pi√®ce,80,,
curcuma,√©picerie,c. √† caf√©,81,,
semoule de ma√Øs,√©picerie,g,82,,
chorizo(s),boucherie,pi√®ce,83,https://images.emojiterra.com/google/noto-emoji/v2.028/128px/1f969.png,
tomates s√©ch√©es,√©picerie,pi√®ce,84,,
Pilons de poulet,boucherie,pi√®ce,85,https://images.emojiterra.com/google/noto-emoji/v2.028/128px/1f969.png,
origan,√©picerie,c. √† soupe,86,,
oignon s√©ch√©,√©picerie,c. √† soupe,87,,
galettes bretonnes,rayon frais,pi√®ce,88,,
ciboulette,herbes,g,89,,
saumon fum√© en tranches,poissonnerie,pi√®ce,90,https://images.emojiterra.com/google/noto-emoji/v2.028/128px/1f41f.png,
mozarella(s) en boule,cr√®merie,pi√®ce,91,https://images.emojiterra.com/google/noto-emoji/v2.028/128px/1f9c0.png,
poulet(s),boucherie,pi√®ce,92,https://images.emojiterra.com/google/noto-emoji/v2.028/128px/1f969.png,
feuilles de laurier,herbes,pi√®ce,93,,